Solucao;CustoTotal;TempoTotal;NumAtracoes;NumBairros;HoraInicio;HoraFim;Bairros;Sequencia;TemposChegada;TemposPartida;ModosTransporte
1;234.14;619.00;8;6;09:00;19:19;Centro|Santa Teresa|Saude|Alto da Boa Vista|Del Castilho|Sao Cristovao|;Quinta Da Boa Vista|Centro Cultural Jerusalem|Pedra do Sal|Catedral Metropolitana de São Sebastião|Bondinho de Santa Teresa|Escadaria Selaron|Parque das Ruinas|Vista Chinesa|;09:00|11:11|12:25|13:28|14:32|15:43|16:52|18:19|;11:00|12:11|13:25|14:28|15:32|16:43|17:52|19:19|;Car|Car|Car|Walk|Walk|Walk|Car|
2;239.32;605.00;8;6;09:00;19:05;Sao Cristovao|Centro|Santa Teresa|Saude|Alto da Boa Vista|Del Castilho|;Centro Cultural Jerusalem|Pedra do Sal|Catedral Metropolitana de São Sebastião|Bondinho de Santa Teresa|Parque das Ruinas|Escadaria Selaron|Quinta Da Boa Vista|Vista Chinesa|;09:00|10:14|11:17|12:21|13:25|14:34|15:42|18:05|;10:00|11:14|12:17|13:21|14:25|15:34|17:42|19:05|;Car|Car|Walk|Car|Walk|Car|Car|
3;225.72;536.00;7;6;09:00;17:56;Sao Cristovao|Centro|Santa Teresa|Saude|Del Castilho|Alto da Boa Vista|;Vista Chinesa|Pedra do Sal|Catedral Metropolitana de São Sebastião|Bondinho de Santa Teresa|Parque das Ruinas|Quinta Da Boa Vista|Centro Cultural Jerusalem|;09:00|10:24|11:27|12:31|13:35|14:45|16:56|;10:00|11:24|12:27|13:31|14:35|16:45|17:56|;Car|Car|Walk|Car|Car|Car|
4;197.17;469.00;6;6;09:00;16:49;Sao Cristovao|Saude|Santa Teresa|Centro|Del Castilho|Alto da Boa Vista|;Vista Chinesa|Catedral Metropolitana de São Sebastião|Bondinho de Santa Teresa|Pedra do Sal|Quinta Da Boa Vista|Centro Cultural Jerusalem|;09:00|10:24|11:28|12:32|13:38|15:49|;10:00|11:24|12:28|13:32|15:38|16:49|;Car|Walk|Car|Car|Car|
5;137.23;657.00;8;5;09:00;19:57;Sao Cristovao|Centro|Saude|Santa Teresa|Del Castilho|;Centro Cultural Jerusalem|Parque das Ruinas|Escadaria Selaron|Catedral Metropolitana de São Sebastião|Bondinho de Santa Teresa|Biblioteca Nacional|Pedra do Sal|Quinta Da Boa Vista|;09:00|10:19|11:28|12:38|13:42|14:47|16:51|17:57|;10:00|11:19|12:28|13:38|14:42|16:47|17:51|19:57|;Car|Walk|Walk|Walk|Walk|Car|Car|
6;156.44;653.00;8;5;09:00;19:53;Sao Cristovao|Del Castilho|Centro|Saude|Santa Teresa|;Escadaria Selaron|Parque das Ruinas|Catedral Metropolitana de São Sebastião|Bondinho de Santa Teresa|Biblioteca Nacional|Pedra do Sal|Centro Cultural Jerusalem|Quinta Da Boa Vista|;09:00|10:09|11:14|12:18|13:23|15:27|16:42|17:53|;10:00|11:09|12:14|13:18|15:23|16:27|17:42|19:53|;Walk|Car|Walk|Walk|Car|Car|Car|
7;186.18;652.00;8;5;09:00;19:52;Sao Cristovao|Del Castilho|Saude|Santa Teresa|Centro|;Catedral Metropolitana de São Sebastião|Bondinho de Santa Teresa|Pedra do Sal|Escadaria Selaron|Parque das Ruinas|Biblioteca Nacional|Centro Cultural Jerusalem|Quinta Da Boa Vista|;09:00|10:04|11:08|12:12|13:21|14:25|16:41|17:52|;10:00|11:04|12:08|13:12|14:21|16:25|17:41|19:52|;Walk|Car|Car|Walk|Car|Car|Car|
8;208.96;651.00;8;5;09:00;19:51;Sao Cristovao|Centro|Saude|Santa Teresa|Del Castilho|;Centro Cultural Jerusalem|Parque das Ruinas|Catedral Metropolitana de São Sebastião|Bondinho de Santa Teresa|Pedra do Sal|Escadaria Selaron|Quinta Da Boa Vista|Igreja de Sao Francisco da Penitência|;09:00|10:19|11:24|12:28|13:32|14:36|15:44|17:51|;10:00|11:19|12:24|13:28|14:32|15:36|17:44|19:51|;Car|Car|Walk|Car|Car|Car|Car|
9;101.17;524.00;7;5;09:00;17:44;Del Castilho|Sao Cristovao|Centro|Saude|Santa Teresa|;Parque das Ruinas|Escadaria Selaron|Catedral Metropolitana de São Sebastião|Bondinho de Santa Teresa|Pedra do Sal|Quinta Da Boa Vista|Centro Cultural Jerusalem|;09:00|10:09|11:19|12:23|13:27|14:33|16:44|;10:00|11:09|12:19|13:23|14:27|16:33|17:44|;Walk|Walk|Walk|Car|Car|Car|
10;114.17;519.00;7;5;09:00;17:39;Del Castilho|Sao Cristovao|Centro|Saude|Santa Teresa|;Escadaria Selaron|Parque das Ruinas|Catedral Metropolitana de São Sebastião|Bondinho de Santa Teresa|Pedra do Sal|Quinta Da Boa Vista|Centro Cultural Jerusalem|;09:00|10:09|11:14|12:18|13:22|14:28|16:39|;10:00|11:09|12:14|13:18|14:22|16:28|17:39|;Walk|Car|Walk|Car|Car|Car|
11;136.00;516.00;7;5;09:00;17:36;Del Castilho|Sao Cristovao|Centro|Saude|Santa Teresa|;Parque das Ruinas|Catedral Metropolitana de São Sebastião|Bondinho de Santa Teresa|Pedra do Sal|Escadaria Selaron|Quinta Da Boa Vista|Centro Cultural Jerusalem|;09:00|10:05|11:09|12:13|13:17|14:25|16:36|;10:00|11:05|12:09|13:13|14:17|16:25|17:36|;Car|Walk|Car|Car|Car|Car|
12;194.11;479.00;7;5;09:00;16:59;Centro|Santa Teresa|Saude|Alto da Boa Vista|Del Castilho|;Centro Cultural Jerusalem|Pedra do Sal|Catedral Metropolitana de São Sebastião|Bondinho de Santa Teresa|Parque das Ruinas|Escadaria Selaron|Vista Chinesa|;09:00|10:14|11:17|12:21|13:25|14:34|15:59|;10:00|11:14|12:17|13:21|14:25|15:34|16:59|;Car|Car|Walk|Car|Walk|Car|
13;117.95;452.00;6;5;09:00;16:32;Del Castilho|Sao Cristovao|Centro|Santa Teresa|Saude|;Pedra do Sal|Catedral Metropolitana de São Sebastião|Bondinho de Santa Teresa|Parque das Ruinas|Quinta Da Boa Vista|Centro Cultural Jerusalem|;09:00|10:03|11:07|12:11|13:21|15:32|;10:00|11:03|12:07|13:11|15:21|16:32|;Car|Walk|Car|Car|Car|
14;123.01;451.00;6;5;09:00;16:31;Del Castilho|Sao Cristovao|Saude|Santa Teresa|Centro|;Catedral Metropolitana de São Sebastião|Bondinho de Santa Teresa|Pedra do Sal|Escadaria Selaron|Quinta Da Boa Vista|Centro Cultural Jerusalem|;09:00|10:04|11:08|12:12|13:20|15:31|;10:00|11:04|12:08|13:12|15:20|16:31|;Walk|Car|Car|Car|Car|
15;180.88;417.00;6;5;09:00;15:57;Centro|Santa Teresa|Saude|Alto da Boa Vista|Del Castilho|;Centro Cultural Jerusalem|Pedra do Sal|Catedral Metropolitana de São Sebastião|Bondinho de Santa Teresa|Escadaria Selaron|Vista Chinesa|;09:00|10:14|11:17|12:21|13:32|14:57|;10:00|11:14|12:17|13:21|14:32|15:57|;Car|Car|Walk|Walk|Car|
16;198.10;412.00;6;5;09:00;15:52;Centro|Santa Teresa|Saude|Alto da Boa Vista|Del Castilho|;Centro Cultural Jerusalem|Pedra do Sal|Catedral Metropolitana de São Sebastião|Bondinho de Santa Teresa|Parque das Ruinas|Vista Chinesa|;09:00|10:14|11:17|12:21|13:25|14:52|;10:00|11:14|12:17|13:21|14:25|15:52|;Car|Car|Walk|Car|Car|
17;98.95;446.00;5;5;09:00;16:26;Del Castilho|Sao Cristovao|Centro|Saude|Santa Teresa|;Bondinho de Santa Teresa|Biblioteca Nacional|Pedra do Sal|Quinta Da Boa Vista|Centro Cultural Jerusalem|;09:00|10:05|12:09|13:15|15:26|;10:00|12:05|13:09|15:15|16:26|;Walk|Car|Car|Car|
18;101.17;385.00;5;5;09:00;15:25;Del Castilho|Sao Cristovao|Saude|Santa Teresa|Centro|;Catedral Metropolitana de São Sebastião|Bondinho de Santa Teresa|Pedra do Sal|Quinta Da Boa Vista|Centro Cultural Jerusalem|;09:00|10:04|11:08|12:14|14:25|;10:00|11:04|12:08|14:14|15:25|;Walk|Car|Car|Car|
19;187.19;347.00;5;5;09:00;14:47;Centro|Santa Teresa|Saude|Alto da Boa Vista|Del Castilho|;Centro Cultural Jerusalem|Pedra do Sal|Catedral Metropolitana de São Sebastião|Bondinho de Santa Teresa|Vista Chinesa|;09:00|10:14|11:17|12:21|13:47|;10:00|11:14|12:17|13:21|14:47|;Car|Car|Walk|Car|
20;49.05;704.00;8;4;09:00;20:44;Sao Cristovao|Centro|Saude|Santa Teresa|;Parque das Ruinas|Escadaria Selaron|Catedral Metropolitana de São Sebastião|Bondinho de Santa Teresa|Biblioteca Nacional|Igreja de Sao Francisco da Penitência|Pedra do Sal|Quinta Da Boa Vista|;09:00|10:09|11:19|12:23|13:28|15:34|17:38|18:44|;10:00|11:09|12:19|13:23|15:28|17:34|18:38|20:44|;Walk|Walk|Walk|Walk|Walk|Car|Car|
21;68.92;701.00;8;4;09:00;20:41;Sao Cristovao|Centro|Santa Teresa|Saude|;Pedra do Sal|Escadaria Selaron|Parque das Ruinas|Catedral Metropolitana de São Sebastião|Bondinho de Santa Teresa|Biblioteca Nacional|Igreja de Sao Francisco da Penitência|Quinta Da Boa Vista|;09:00|10:04|11:13|12:18|13:22|14:27|16:33|18:41|;10:00|11:04|12:13|13:18|14:22|16:27|18:33|20:41|;Car|Walk|Car|Walk|Walk|Walk|Car|
22;74.37;698.00;8;4;09:00;20:38;Sao Cristovao|Centro|Saude|Santa Teresa|;Escadaria Selaron|Catedral Metropolitana de São Sebastião|Bondinho de Santa Teresa|Parque das Ruinas|Biblioteca Nacional|Igreja de Sao Francisco da Penitência|Pedra do Sal|Quinta Da Boa Vista|;09:00|10:10|11:14|12:18|13:22|15:28|17:32|18:38|;10:00|11:10|12:14|13:18|15:22|17:28|18:32|20:38|;Walk|Walk|Car|Car|Walk|Car|Car|
23;78.26;697.00;8;4;09:00;20:37;Sao Cristovao|Centro|Saude|Santa Teresa|;Escadaria Selaron|Parque das Ruinas|Catedral Metropolitana de São Sebastião|Bondinho de Santa Teresa|Biblioteca Nacional|Pedra do Sal|Igreja de Sao Francisco da Penitência|Quinta Da Boa Vista|;09:00|10:09|11:14|12:18|13:23|15:27|16:29|18:37|;10:00|11:09|12:14|13:18|15:23|16:27|18:29|20:37|;Walk|Car|Walk|Walk|Car|Car|Car|
24;103.05;695.00;8;4;09:00;20:35;Sao Cristovao|Centro|Saude|Santa Teresa|;Escadaria Selaron|Pedra do Sal|Catedral Metropolitana de São Sebastião|Bondinho de Santa Teresa|Parque das Ruinas|Biblioteca Nacional|Igreja de Sao Francisco da Penitência|Quinta Da Boa Vista|;09:00|10:06|11:09|12:13|13:17|14:21|16:27|18:35|;10:00|11:06|12:09|13:13|14:17|16:21|18:27|20:35|;Car|Car|Walk|Car|Car|Walk|Car|
25;114.66;653.00;8;4;09:00;19:53;Centro|Saude|Santa Teresa|Del Castilho|;Centro Cultural Jerusalem|Parque das Ruinas|Escadaria Selaron|Catedral Metropolitana de São Sebastião|Bondinho de Santa Teresa|Biblioteca Nacional|Pedra do Sal|Igreja de Sao Francisco da Penitência|;09:00|10:19|11:28|12:38|13:42|14:47|16:51|17:53|;10:00|11:19|12:28|13:38|14:42|16:47|17:51|19:53|;Car|Walk|Walk|Walk|Walk|Car|Car|
26;49.05;635.00;7;4;09:00;19:35;Sao Cristovao|Centro|Saude|Santa Teresa|;Escadaria Selaron|Catedral Metropolitana de São Sebastião|Bondinho de Santa Teresa|Biblioteca Nacional|Igreja de Sao Francisco da Penitência|Pedra do Sal|Quinta Da Boa Vista|;09:00|10:10|11:14|12:19|14:25|16:29|17:35|;10:00|11:10|12:14|14:19|16:25|17:29|19:35|;Walk|Walk|Walk|Walk|Car|Car|
27;62.05;630.00;7;4;09:00;19:30;Sao Cristovao|Centro|Saude|Santa Teresa|;Parque das Ruinas|Catedral Metropolitana de São Sebastião|Bondinho de Santa Teresa|Biblioteca Nacional|Igreja de Sao Francisco da Penitência|Pedra do Sal|Quinta Da Boa Vista|;09:00|10:05|11:09|12:14|14:20|16:24|17:30|;10:00|11:05|12:09|14:14|16:20|17:24|19:30|;Car|Walk|Walk|Walk|Car|Car|
28;62.68;573.00;7;4;09:00;18:33;Sao Cristovao|Centro|Saude|Santa Teresa|;Escadaria Selaron|Parque das Ruinas|Catedral Metropolitana de São Sebastião|Bondinho de Santa Teresa|Biblioteca Nacional|Pedra do Sal|Quinta Da Boa Vista|;09:00|10:09|11:14|12:18|13:23|15:27|16:33|;10:00|11:09|12:14|13:18|15:23|16:27|18:33|;Walk|Car|Walk|Walk|Car|Car|
29;84.52;570.00;7;4;09:00;18:30;Sao Cristovao|Centro|Saude|Santa Teresa|;Parque das Ruinas|Catedral Metropolitana de São Sebastião|Bondinho de Santa Teresa|Biblioteca Nacional|Pedra do Sal|Escadaria Selaron|Quinta Da Boa Vista|;09:00|10:05|11:09|12:14|14:18|15:22|16:30|;10:00|11:05|12:09|14:14|15:18|16:22|18:30|;Car|Walk|Walk|Car|Car|Car|
30;92.15;527.00;7;4;09:00;17:47;Del Castilho|Centro|Saude|Santa Teresa|;Parque das Ruinas|Escadaria Selaron|Catedral Metropolitana de São Sebastião|Bondinho de Santa Teresa|Biblioteca Nacional|Pedra do Sal|Centro Cultural Jerusalem|;09:00|10:09|11:19|12:23|13:28|15:32|16:47|;10:00|11:09|12:19|13:23|15:28|16:32|17:47|;Walk|Walk|Walk|Walk|Car|Car|
31;105.14;522.00;7;4;09:00;17:42;Del Castilho|Centro|Saude|Santa Teresa|;Escadaria Selaron|Parque das Ruinas|Catedral Metropolitana de São Sebastião|Bondinho de Santa Teresa|Biblioteca Nacional|Pedra do Sal|Centro Cultural Jerusalem|;09:00|10:09|11:14|12:18|13:23|15:27|16:42|;10:00|11:09|12:14|13:18|15:23|16:27|17:42|;Walk|Car|Walk|Walk|Car|Car|
32;49.05;565.00;6;4;09:00;18:25;Sao Cristovao|Saude|Santa Teresa|Centro|;Catedral Metropolitana de São Sebastião|Bondinho de Santa Teresa|Biblioteca Nacional|Igreja de Sao Francisco da Penitência|Pedra do Sal|Quinta Da Boa Vista|;09:00|10:04|11:09|13:15|15:19|16:25|;10:00|11:04|13:09|15:15|16:19|18:25|;Walk|Walk|Walk|Car|Car|
33;49.69;509.00;6;4;09:00;17:29;Sao Cristovao|Centro|Saude|Santa Teresa|;Escadaria Selaron|Catedral Metropolitana de São Sebastião|Bondinho de Santa Teresa|Biblioteca Nacional|Pedra do Sal|Quinta Da Boa Vista|;09:00|10:10|11:14|12:19|14:23|15:29|;10:00|11:10|12:14|14:19|15:23|17:29|;Walk|Walk|Walk|Car|Car|
34;51.91;453.00;6;4;09:00;16:33;Sao Cristovao|Centro|Saude|Santa Teresa|;Parque das Ruinas|Escadaria Selaron|Catedral Metropolitana de São Sebastião|Bondinho de Santa Teresa|Pedra do Sal|Quinta Da Boa Vista|;09:00|10:09|11:19|12:23|13:27|14:33|;10:00|11:09|12:19|13:23|14:27|16:33|;Walk|Walk|Walk|Car|Car|
35;82.70;452.00;6;4;09:00;16:32;Centro|Sao Cristovao|Santa Teresa|Saude|;Pedra do Sal|Quinta Da Boa Vista|Escadaria Selaron|Catedral Metropolitana de São Sebastião|Bondinho de Santa Teresa|Parque das Ruinas|;09:00|10:06|12:14|13:24|14:28|15:32|;10:00|12:06|13:14|14:24|15:28|16:32|;Car|Car|Walk|Walk|Car|
36;86.74;445.00;6;4;09:00;16:25;Sao Cristovao|Centro|Saude|Santa Teresa|;Parque das Ruinas|Catedral Metropolitana de São Sebastião|Bondinho de Santa Teresa|Pedra do Sal|Escadaria Selaron|Quinta Da Boa Vista|;09:00|10:05|11:09|12:13|13:17|14:25|;10:00|11:05|12:09|13:13|14:17|16:25|;Car|Walk|Car|Car|Car|
37;93.67;401.00;6;4;09:00;15:41;Centro|Santa Teresa|Saude|Del Castilho|;Centro Cultural Jerusalem|Pedra do Sal|Catedral Metropolitana de São Sebastião|Bondinho de Santa Teresa|Escadaria Selaron|Parque das Ruinas|;09:00|10:14|11:17|12:21|13:32|14:41|;10:00|11:14|12:17|13:21|14:32|15:41|;Car|Car|Walk|Walk|Walk|
38;106.89;394.00;6;4;09:00;15:34;Centro|Santa Teresa|Saude|Del Castilho|;Centro Cultural Jerusalem|Pedra do Sal|Catedral Metropolitana de São Sebastião|Bondinho de Santa Teresa|Parque das Ruinas|Escadaria Selaron|;09:00|10:14|11:17|12:21|13:25|14:34|;10:00|11:14|12:17|13:21|14:25|15:34|;Car|Car|Walk|Car|Walk|
39;49.69;439.00;5;4;09:00;16:19;Sao Cristovao|Saude|Santa Teresa|Centro|;Catedral Metropolitana de São Sebastião|Bondinho de Santa Teresa|Biblioteca Nacional|Pedra do Sal|Quinta Da Boa Vista|;09:00|10:04|11:09|13:13|14:19|;10:00|11:04|13:09|14:13|16:19|;Walk|Walk|Car|Car|
40;52.48;386.00;5;4;09:00;15:26;Sao Cristovao|Centro|Santa Teresa|Saude|;Pedra do Sal|Catedral Metropolitana de São Sebastião|Bondinho de Santa Teresa|Escadaria Selaron|Quinta Da Boa Vista|;09:00|10:03|11:07|12:18|13:26|;10:00|11:03|12:07|13:18|15:26|;Car|Walk|Walk|Car|
41;64.90;379.00;5;4;09:00;15:19;Sao Cristovao|Centro|Saude|Santa Teresa|;Parque das Ruinas|Catedral Metropolitana de São Sebastião|Bondinho de Santa Teresa|Pedra do Sal|Quinta Da Boa Vista|;09:00|10:05|11:09|12:13|13:19|;10:00|11:05|12:09|13:13|15:19|;Car|Walk|Car|Car|
42;93.67;332.00;5;4;09:00;14:32;Centro|Santa Teresa|Saude|Del Castilho|;Centro Cultural Jerusalem|Pedra do Sal|Catedral Metropolitana de São Sebastião|Bondinho de Santa Teresa|Escadaria Selaron|;09:00|10:14|11:17|12:21|13:32|;10:00|11:14|12:17|13:21|14:32|;Car|Car|Walk|Walk|
43;106.89;325.00;5;4;09:00;14:25;Centro|Santa Teresa|Saude|Del Castilho|;Centro Cultural Jerusalem|Pedra do Sal|Catedral Metropolitana de São Sebastião|Bondinho de Santa Teresa|Parque das Ruinas|;09:00|10:14|11:17|12:21|13:25|;10:00|11:14|12:17|13:21|14:25|;Car|Car|Walk|Car|
44;49.69;375.00;4;4;09:00;15:15;Sao Cristovao|Centro|Saude|Santa Teresa|;Bondinho de Santa Teresa|Biblioteca Nacional|Pedra do Sal|Quinta Da Boa Vista|;09:00|10:05|12:09|13:15|;10:00|12:05|13:09|15:15|;Walk|Car|Car|
45;51.91;314.00;4;4;09:00;14:14;Sao Cristovao|Saude|Santa Teresa|Centro|;Catedral Metropolitana de São Sebastião|Bondinho de Santa Teresa|Pedra do Sal|Quinta Da Boa Vista|;09:00|10:04|11:08|12:14|;10:00|11:04|12:08|14:14|;Walk|Car|Car|
46;93.67;261.00;4;4;09:00;13:21;Centro|Santa Teresa|Saude|Del Castilho|;Centro Cultural Jerusalem|Pedra do Sal|Catedral Metropolitana de São Sebastião|Bondinho de Santa Teresa|;09:00|10:14|11:17|12:21|;10:00|11:14|12:17|13:21|;Car|Car|Walk|
47;15.61;578.00;7;3;09:00;18:38;Centro|Saude|Santa Teresa|;Parque das Ruinas|Escadaria Selaron|Catedral Metropolitana de São Sebastião|Bondinho de Santa Teresa|Biblioteca Nacional|Igreja de Sao Francisco da Penitência|Pedra do Sal|;09:00|10:09|11:19|12:23|13:28|15:34|17:38|;10:00|11:09|12:19|13:23|15:28|17:34|18:38|;Walk|Walk|Walk|Walk|Walk|Car|
48;27.11;574.00;7;3;09:00;18:34;Centro|Saude|Santa Teresa|;Parque das Ruinas|Escadaria Selaron|Catedral Metropolitana de São Sebastião|Bondinho de Santa Teresa|Biblioteca Nacional|Pedra do Sal|Igreja de Sao Francisco da Penitência|;09:00|10:09|11:19|12:23|13:28|15:32|16:34|;10:00|11:09|12:19|13:23|15:28|16:32|18:34|;Walk|Walk|Walk|Walk|Car|Car|
49;39.58;573.00;7;3;09:00;18:33;Centro|Saude|Santa Teresa|;Parque das Ruinas|Escadaria Selaron|Pedra do Sal|Catedral Metropolitana de São Sebastião|Bondinho de Santa Teresa|Biblioteca Nacional|Igreja de Sao Francisco da Penitência|;09:00|10:09|11:15|12:18|13:22|14:27|16:33|;10:00|11:09|12:15|13:18|14:22|16:27|18:33|;Walk|Car|Car|Walk|Walk|Walk|
50;43.09;572.00;7;3;09:00;18:32;Centro|Santa Teresa|Saude|;Pedra do Sal|Escadaria Selaron|Catedral Metropolitana de São Sebastião|Bondinho de Santa Teresa|Parque das Ruinas|Biblioteca Nacional|Igreja de Sao Francisco da Penitência|;09:00|10:04|11:14|12:18|13:22|14:26|16:32|;10:00|11:04|12:14|13:18|14:22|16:26|18:32|;Car|Walk|Walk|Car|Car|Walk|
51;48.34;571.00;7;3;09:00;18:31;Saude|Santa Teresa|Centro|;Catedral Metropolitana de São Sebastião|Bondinho de Santa Teresa|Pedra do Sal|Escadaria Selaron|Parque das Ruinas|Biblioteca Nacional|Igreja de Sao Francisco da Penitência|;09:00|10:04|11:08|12:12|13:21|14:25|16:31|;10:00|11:04|12:08|13:12|14:21|16:25|18:31|;Walk|Car|Car|Walk|Car|Walk|
52;64.90;567.00;7;3;09:00;18:27;Centro|Saude|Santa Teresa|;Escadaria Selaron|Pedra do Sal|Catedral Metropolitana de São Sebastião|Bondinho de Santa Teresa|Parque das Ruinas|Biblioteca Nacional|Igreja de Sao Francisco da Penitência|;09:00|10:06|11:09|12:13|13:17|14:21|16:27|;10:00|11:06|12:09|13:13|14:17|16:21|18:27|;Car|Car|Walk|Car|Car|Walk|
53;16.25;452.00;6;3;09:00;16:32;Centro|Saude|Santa Teresa|;Parque das Ruinas|Escadaria Selaron|Catedral Metropolitana de São Sebastião|Bondinho de Santa Teresa|Biblioteca Nacional|Pedra do Sal|;09:00|10:09|11:19|12:23|13:28|15:32|;10:00|11:09|12:19|13:23|15:28|16:32|;Walk|Walk|Walk|Walk|Car|
54;27.08;451.00;6;3;09:00;16:31;Centro|Santa Teresa|Saude|;Pedra do Sal|Catedral Metropolitana de São Sebastião|Bondinho de Santa Teresa|Escadaria Selaron|Parque das Ruinas|Biblioteca Nacional|;09:00|10:03|11:07|12:18|13:27|14:31|;10:00|11:03|12:07|13:18|14:27|16:31|;Car|Walk|Walk|Walk|Car|
55;29.24;447.00;6;3;09:00;16:27;Centro|Saude|Santa Teresa|;Escadaria Selaron|Parque das Ruinas|Catedral Metropolitana de São Sebastião|Bondinho de Santa Teresa|Biblioteca Nacional|Pedra do Sal|;09:00|10:09|11:14|12:18|13:23|15:27|;10:00|11:09|12:14|13:18|15:23|16:27|;Walk|Car|Walk|Walk|Car|
56;29.87;446.00;6;3;09:00;16:26;Centro|Santa Teresa|Saude|;Pedra do Sal|Escadaria Selaron|Parque das Ruinas|Biblioteca Nacional|Bondinho de Santa Teresa|Catedral Metropolitana de São Sebastião|;09:00|10:04|11:13|12:17|14:22|15:26|;10:00|11:04|12:13|14:17|15:22|16:26|;Car|Walk|Car|Walk|Walk|
57;43.33;444.00;6;3;09:00;16:24;Centro|Saude|Santa Teresa|;Escadaria Selaron|Parque das Ruinas|Biblioteca Nacional|Pedra do Sal|Catedral Metropolitana de São Sebastião|Bondinho de Santa Teresa|;09:00|10:09|11:13|13:17|14:20|15:24|;10:00|11:09|13:13|14:17|15:20|16:24|;Walk|Car|Car|Car|Walk|
58;47.02;442.00;6;3;09:00;16:22;Centro|Saude|Santa Teresa|;Parque das Ruinas|Catedral Metropolitana de São Sebastião|Bondinho de Santa Teresa|Biblioteca Nacional|Pedra do Sal|Escadaria Selaron|;09:00|10:05|11:09|12:14|14:18|15:22|;10:00|11:05|12:09|14:14|15:18|16:22|;Car|Walk|Walk|Car|Car|
59;59.34;440.00;6;3;09:00;16:20;Saude|Santa Teresa|Centro|;Catedral Metropolitana de São Sebastião|Bondinho de Santa Teresa|Parque das Ruinas|Biblioteca Nacional|Pedra do Sal|Escadaria Selaron|;09:00|10:04|11:08|12:12|14:16|15:20|;10:00|11:04|12:08|14:12|15:16|16:20|;Walk|Car|Car|Car|Car|
60;12.07;456.00;5;3;09:00;16:36;Centro|Saude|Santa Teresa|;Escadaria Selaron|Catedral Metropolitana de São Sebastião|Biblioteca Nacional|Real Gabinete Portugues Da Leitura|Pedra do Sal|;09:00|10:10|11:20|13:32|15:36|;10:00|11:10|13:20|15:32|16:36|;Walk|Walk|Walk|Car|
61;23.32;329.00;5;3;09:00;14:29;Centro|Santa Teresa|Saude|;Pedra do Sal|Parque das Ruinas|Escadaria Selaron|Catedral Metropolitana de São Sebastião|Bondinho de Santa Teresa|;09:00|10:06|11:15|12:25|13:29|;10:00|11:06|12:15|13:25|14:29|;Car|Walk|Walk|Walk|
62;30.77;322.00;5;3;09:00;14:22;Centro|Santa Teresa|Saude|;Pedra do Sal|Escadaria Selaron|Parque das Ruinas|Catedral Metropolitana de São Sebastião|Bondinho de Santa Teresa|;09:00|10:04|11:13|12:18|13:22|;10:00|11:04|12:13|13:18|14:22|;Car|Walk|Car|Walk|
63;36.24;321.00;5;3;09:00;14:21;Saude|Santa Teresa|Centro|;Catedral Metropolitana de São Sebastião|Bondinho de Santa Teresa|Pedra do Sal|Escadaria Selaron|Parque das Ruinas|;09:00|10:04|11:08|12:12|13:21|;10:00|11:04|12:08|13:12|14:21|;Walk|Car|Car|Walk|
64;14.98;258.00;4;3;09:00;13:18;Centro|Santa Teresa|Saude|;Pedra do Sal|Catedral Metropolitana de São Sebastião|Bondinho de Santa Teresa|Escadaria Selaron|;09:00|10:03|11:07|12:18|;10:00|11:03|12:07|13:18|;Car|Walk|Walk|
65;28.21;251.00;4;3;09:00;13:11;Centro|Santa Teresa|Saude|;Pedra do Sal|Catedral Metropolitana de São Sebastião|Bondinho de Santa Teresa|Parque das Ruinas|;09:00|10:03|11:07|12:11|;10:00|11:03|12:07|13:11|;Car|Walk|Car|
66;14.98;187.00;3;3;09:00;12:07;Centro|Santa Teresa|Saude|;Pedra do Sal|Catedral Metropolitana de São Sebastião|Bondinho de Santa Teresa|;09:00|10:03|11:07|;10:00|11:03|12:07|;Car|Walk|
67;0.00;514.00;6;2;09:00;17:34;Centro|Santa Teresa|;Parque das Ruinas|Escadaria Selaron|Catedral Metropolitana de São Sebastião|Bondinho de Santa Teresa|Biblioteca Nacional|Igreja de Sao Francisco da Penitência|;09:00|10:09|11:19|12:23|13:28|15:34|;10:00|11:09|12:19|13:23|15:28|17:34|;Walk|Walk|Walk|Walk|Walk|
68;0.00;388.00;5;2;09:00;15:28;Centro|Santa Teresa|;Parque das Ruinas|Escadaria Selaron|Catedral Metropolitana de São Sebastião|Bondinho de Santa Teresa|Biblioteca Nacional|;09:00|10:09|11:19|12:23|13:28|;10:00|11:09|12:19|13:23|15:28|;Walk|Walk|Walk|Walk|
69;13.00;383.00;5;2;09:00;15:23;Centro|Santa Teresa|;Escadaria Selaron|Parque das Ruinas|Catedral Metropolitana de São Sebastião|Bondinho de Santa Teresa|Biblioteca Nacional|;09:00|10:09|11:14|12:18|13:23|;10:00|11:09|12:14|13:18|15:23|;Walk|Car|Walk|Walk|
70;0.00;263.00;4;2;09:00;13:23;Centro|Santa Teresa|;Parque das Ruinas|Escadaria Selaron|Catedral Metropolitana de São Sebastião|Bondinho de Santa Teresa|;09:00|10:09|11:19|12:23|;10:00|11:09|12:19|13:23|;Walk|Walk|Walk|
71;0.00;194.00;3;2;09:00;12:14;Centro|Santa Teresa|;Bondinho de Santa Teresa|Catedral Metropolitana de São Sebastião|Escadaria Selaron|;09:00|10:04|11:14|;10:00|11:04|12:14|;Walk|Walk|
72;13.00;189.00;3;2;09:00;12:09;Centro|Santa Teresa|;Parque das Ruinas|Catedral Metropolitana de São Sebastião|Bondinho de Santa Teresa|;09:00|10:05|11:09|;10:00|11:05|12:09|;Car|Walk|
73;13.22;188.00;3;2;09:00;12:08;Santa Teresa|Centro|;Catedral Metropolitana de São Sebastião|Bondinho de Santa Teresa|Parque das Ruinas|;09:00|10:04|11:08|;10:00|11:04|12:08|;Walk|Car|
74;0.00;124.00;2;2;09:00;11:04;Centro|Santa Teresa|;Bondinho de Santa Teresa|Catedral Metropolitana de São Sebastião|;09:00|10:04|;10:00|11:04|;Walk|
75;14.98;123.00;2;2;09:00;11:03;Centro|Saude|;Pedra do Sal|Catedral Metropolitana de São Sebastião|;09:00|10:03|;10:00|11:03|;Car|
76;0.00;60.00;1;1;09:00;10:00;Saude|;Pedra do Sal|;09:00|;10:00|;
